Quality_min,Initial,Initial_avg,Before,Before_avg,After,After_avg,Topological,Topological_reject,Contraction,Contraction_reject,Insertion,Insertion_reject,Smoothing,Smoothing_reject,Ignore
-50.000000,-2.640750,-2.124014,-3.662747,-2.301500,-3.662747,-2.301500,nan,nan,nan,nan,nan,nan,nan,nan
-50.000000,-2.640750,-2.124014,-6.320904,-2.833614,-6.320904,-2.833614,nan,nan,nan,nan,nan,nan,nan,nan
-50.000000,-2.640750,-2.124014,-9.952386,-3.719335,-9.952386,-3.719335,nan,nan,nan,nan,nan,nan,nan,nan
-50.000000,-2.640750,-2.124014,-14.534739,-4.957016,-14.534739,-4.957016,nan,nan,nan,nan,nan,nan,nan,nan
-50.000000,-2.640750,-2.124014,-20.040184,-6.544457,-20.040184,-6.544457,nan,nan,nan,nan,nan,nan,nan,nan
-50.000000,-2.640750,-2.124014,-26.435863,-8.479032,-26.435863,-8.479032,nan,nan,nan,nan,nan,nan,nan,nan
-50.000000,-2.640750,-2.124014,-33.684155,-10.757863,-33.684155,-10.757863,nan,nan,nan,nan,nan,nan,nan,nan
-50.000000,-2.640750,-2.124014,-41.743023,-13.378076,-41.743023,-13.378076,nan,nan,nan,nan,nan,nan,nan,nan
